﻿职业代码,OSTA职业名称,OSTA职业名称翻译,Similarity_Score_max,ONET_job,ONET_code,Similarity_Score_method,O*NET-SOC Code,mSML,vmSML,sdmSML
1-04-01-04,其他人民团体和群众团体负责人,Leaders of other people's organizations and mass organizations,0.61928284,"Office and Administrative Support Workers, All Other",43-9199.00,Similarity_Score3,,,,
1-04-05-00,基金会负责人,Foundation manager,0.6040761,Fundraising Managers,11-2033.00,Similarity_Score3,,,,
1-06-01-03,国有企业中国共产党组织负责人,Head of the Communist Party of China Organization of State-owned Enterprises,0.46035635,"Managers, All Other",11-9199.00,Similarity_Score4,,,,
1-06-02-00,事业单位负责人,Head of business unit,0.68428046,"Business Operations Specialists, All Other",13-1199.00,Similarity_Score3,,,,
2-01-06-05,生物学研究人员,biology researcher,0.72814715,"Biological Scientists, All Other",19-1029.00,Similarity_Score3,,,,
2-02-10-05,信息系统分析工程技术人员,Information system analysis engineering technician,0.70241886,Information Security Engineers,15-1299.05,Similarity_Score3,,,,
2-02-10-07,信息安全工程技术人员,Information security engineering technician,0.92103535,Information Security Engineers,15-1299.05,Similarity_Score3,,,,
2-02-10-11,大数据工程技术人员,Big data engineering technicians,0.65983164,Data Scientists,15-2051.00,Similarity_Score3,,,,
2-02-10-15,区块链工程技术人员,Blockchain engineering technicians,0.951572,Blockchain Engineers,15-1299.07,Similarity_Score3,,,,
2-02-11-03,光源与照明工程技术人员,Light source and lighting engineering technicians,0.89744264,Lighting Technicians,27-4015.00,Similarity_Score3,,,,
2-02-23-05,服装工程技术人员,Garment engineering technician,0.6320403,"Textile, Apparel, and Furnishings Workers, All Other",51-6099.00,Similarity_Score3,,,,
2-02-25-04,气象服务工程技术人员,Meteorological service engineering technician,0.6379719,Hydrologic Technicians,19-4044.00,Similarity_Score3,,,,
2-02-25-06,防雷工程技术人员,Lightning protection engineering technicians,0.64808744,Lighting Technicians,27-4015.00,Similarity_Score3,,,,
2-02-28-01,安全防范设计评估工程技术人员,Security design and assessment engineering technicians,0.7500887,Information Security Engineers,15-1299.05,Similarity_Score3,,,,
2-02-30-04,项目管理工程技术人员,Project management engineering technician,0.831543,Project Management Specialists,13-1082.00,Similarity_Score3,,,,
2-02-31-06,卫生检疫人员,health quarantine personnel,0.5293547,"Protective Service Workers, All Other",33-9099.00,Similarity_Score3,,,,
2-05-01-01,内科医师,Physician,0.80167985,"Physicians, All Other",29-1229.00,Similarity_Score3,,,,
2-05-01-02,外科医师,surgeon,0.79518014,"Surgeons, All Other",29-1249.00,Similarity_Score3,,,,
2-05-01-10,传染病科医师,Infectious Disease Physician,0.7077987,Emergency Medicine Physicians,29-1214.00,Similarity_Score3,,,,
2-05-01-11,急诊科医师,Emergency Department Physician,0.9077263,Emergency Medicine Physicians,29-1214.00,Similarity_Score3,,,,
2-05-01-22,疼痛科医师,pain physician,0.65782917,Emergency Medicine Physicians,29-1214.00,Similarity_Score3,,,,
2-05-01-23,重症医学科医师,Critical care medicine physician,0.7747156,Emergency Medicine Physicians,29-1214.00,Similarity_Score3,,,,
2-05-02-07,中医骨伤科医师,Traditional Chinese Medicine Orthopedics Physician,0.6054759,Emergency Medicine Physicians,29-1214.00,Similarity_Score3,,,,
2-05-07-11,心电学技师,Cardiology technician,0.8419343,Cardiologists,29-1212.00,Similarity_Score3,,,,
2-05-07-15,病案信息技师,Medical Records Information Technician,0.8699316,Medical Records Specialists,29-2072.00,Similarity_Score3,,,,
2-06-06-01,资产评估专业人员,Asset Valuation Professional,0.60198367,Financial and Investment Analysts,13-2051.00,Similarity_Score3,,,,
2-06-07-01,国际商务专业人员,international business professionals,0.6458032,"Business Operations Specialists, All Other",13-1199.00,Similarity_Score3,,,,
2-06-07-07,医药代表,Medical Representative,0.7764413,Medical Records Specialists,29-2072.00,Similarity_Score3,,,,
2-06-09-03,银行外汇市场业务专业人员,Bank foreign exchange market business professional,0.5569754,Financial and Investment Analysts,13-2051.00,Similarity_Score3,,,,
2-06-09-04,银行清算专业人员,bank clearing professionals,0.5185368,"Financial Specialists, All Other",13-2099.00,Similarity_Score3,,,,
2-06-09-06,银行国外业务专业人员,Bank foreign business professionals,0.5329558,"Financial Specialists, All Other",13-2099.00,Similarity_Score3,,,,
2-06-11-03,证券投资专业人员,Securities investment professionals,0.74528295,Financial and Investment Analysts,13-2051.00,Similarity_Score3,,,,
2-06-11-04,理财专业人员,financial professionals,0.80808675,"Financial Specialists, All Other",13-2099.00,Similarity_Score3,,,,
2-07-09-01,社会工作者,social worker,0.730127672473316,"Social Workers, All Other",21-1029.00,Similarity_Score1,,,,
2-08-03-02,小学教育教师,Primary education teacher,0.7109672,"Special Education Teachers, All Other",25-2059.00,Similarity_Score4,,,,
2-08-05-00,特殊教育教师,special education teacher,0.87329924,"Special Education Teachers, All Other",25-2059.00,Similarity_Score3,,,,
2-09-04-01,灯光师,lighting engineer,0.87444896,Lighting Technicians,27-4015.00,Similarity_Score3,,,,
3-01-02-03,公关员,public relations officer,0.8963278,Public Relations Managers,11-2032.00,Similarity_Score3,,,,
3-02-02-00,保卫管理员,Security Administrator,0.86696947,Security Managers,11-3013.01,Similarity_Score3,,,,
3-02-03-08-001,直升机紧急救护员,helicopter emergency responder,0.5229418,Emergency Medical Technicians,29-2042.00,Similarity_Score3,,,,
4-02-02-01,道路客运汽车驾驶员,road passenger car driver,0.61608106,First-Line Supervisors of Passenger Attendants,53-1044.00,Similarity_Score4,,,,
4-02-02-07,机动车驾驶教练员,Motor vehicle driving instructor,0.5715049,"Motor Vehicle Operators, All Other",53-3099.00,Similarity_Score3,,,,
4-02-04-02,航空运输地面服务员,air transport ground attendant,0.7313352,Aircraft Service Attendants,53-6032.00,Similarity_Score3,,,,
4-04-02-01,信息通信网络机务员,Information and communication network operator,0.7052741,"Communications Equipment Operators, All Other",43-2099.00,Similarity_Score3,,,,
4-04-04-02,网络与信息安全管理员,Network and Information Security Administrator,0.76715267,Security Managers,11-3013.01,Similarity_Score3,,,,
4-04-04-04,信息安全测试员,Information Security Tester,0.7541939,Information Security Engineers,15-1299.05,Similarity_Score3,,,,
4-04-04-04-001,渗透测试员,Penetration Tester,0.9493413,Penetration Testers,15-1299.04,Similarity_Score3,,,,
4-04-05-06,区块链应用操作员,Blockchain application operator,0.78621066,Blockchain Engineers,15-1299.07,Similarity_Score3,,,,
4-04-05-08,电子数据取证分析师,Electronic Data Forensics Analyst,0.8839348,Digital Forensics Analysts,15-1299.06,Similarity_Score3,,,,
4-05-03-00,期货交易员,futures trader,0.47896218,Financial Risk Specialists,13-2054.00,Similarity_Score3,,,,
4-05-04-02,保险保全员,insurance security officer,0.7054239,Security Management Specialists,13-1199.07,Similarity_Score3,,,,
4-05-05-02,鉴定估价师,appraisal appraiser,0.70884633,Appraisers of Personal and Business Property,13-2022.00,Similarity_Score3,,,,
4-07-02-01,风险管理师,risk manager,0.76535076,Financial Risk Specialists,13-2054.00,Similarity_Score3,,,,
4-07-05-02,安检员,security inspector,0.73111546,Information Security Engineers,15-1299.05,Similarity_Score3,,,,
4-07-05-06,密码技术应用员,Cryptotechnician,0.6063047,Information Security Engineers,15-1299.05,Similarity_Score4,,,,
4-08-05-05,机动车检测工,Motor vehicle inspector,0.746043609050104,"Motor Vehicle Operators, All Other",53-3099.00,Similarity_Score1,,,,
4-08-08-03,家用纺织品设计师,Home textile designer,0.69225436,"Textile, Apparel, and Furnishings Workers, All Other",51-6099.00,Similarity_Score3,,,,
4-08-08-18,灯具设计师,Lighting designer,0.83877367,Lighting Technicians,27-4015.00,Similarity_Score3,,,,
4-08-08-19,照明设计师,lighting designer,0.83877367,Lighting Technicians,27-4015.00,Similarity_Score3,,,,
4-09-01-04,水工监测工,Hydraulic supervisor,0.6267411,Hydrologic Technicians,19-4044.00,Similarity_Score3,,,,
4-09-02-01,水文勘测工,hydrographic survey engineer,0.780746,Hydrologic Technicians,19-4044.00,Similarity_Score4,,,,
4-09-06-03,标本员,taxidermist,0.6425032,Taxi Drivers,53-3054.00,Similarity_Score3,,,,
4-10-06-03,遗体火化师,cremator,0.7134079,Crematory Operators,39-4012.00,Similarity_Score3,,,,
4-13-02-07,照明工,illuminator,0.54193085,Lighting Technicians,27-4015.00,Similarity_Score4,,,,
4-13-05-03,电子竞技运营师,E-sports operator,0.56224895,"First-Line Supervisors of Entertainment and Recreation Workers, Except Gambling Services",39-1014.00,Similarity_Score4,,,,
6-01-01-02,制粉工,miller,0.4910091,"Food Processing Workers, All Other",51-3099.00,Similarity_Score4,,,,
6-02-06-05,黄酒酿造工,Rice wine brewer,0.48955825,"Food Preparation and Serving Related Workers, All Other",35-9099.00,Similarity_Score4,,,,
6-10-01-10,油品储运工,Oil storage and transportation workers,0.65100216251858,"Transportation Workers, All Other",53-6099.00,Similarity_Score1,,,,
6-10-03-02,煤制油生产工,Coal to oil production workers,0.606321521724352,"Production Workers, All Other",51-9199.00,Similarity_Score1,,,,
6-11-02-07,无机盐生产工,Inorganic salt production industry,0.50426686,Crematory Operators,39-4012.00,Similarity_Score4,,,,
6-11-08-10,有机硅生产工,Silicone production workers,0.644392014575707,"Production Workers, All Other",51-9199.00,Similarity_Score1,,,,
6-11-09-03,火工品装配工,pyrotechnics assembler,0.53117913,"Assemblers and Fabricators, All Other",51-2099.00,Similarity_Score3,,,,
6-12-02-00,中药炮制工,Traditional Chinese Medicine Processor,0.49452773,Crematory Operators,39-4012.00,Similarity_Score4,,,,
6-16-01-15,选矿工,Miner selection,0.5341468,"Underground Mining Machine Operators, All Other",47-5049.00,Similarity_Score3,,,,
6-16-02-11,油气输送工,Oil and gas transportation workers,0.713493299745731,"Transportation Workers, All Other",53-6099.00,Similarity_Score1,,,,
6-20-05-04,风机装配调试工,Fan assembly and commissioning worker,0.53794014,"Entertainment Attendants and Related Workers, All Other",39-3099.00,Similarity_Score3,,,,
6-20-06-05,衡器装配调试工,Weighing instrument assembly and commissioning worker,0.6131728,"Precision Instrument and Equipment Repairers, All Other",49-9069.00,Similarity_Score4,,,,
6-21-04-02,真空测试工,Vacuum tester,0.5201203,Penetration Testers,15-1299.04,Similarity_Score3,,,,
6-24-07-01,电光源制造工,Electric light source manufacturer,0.6585185,Lighting Technicians,27-4015.00,Similarity_Score3,,,,
6-24-07-02,灯具制造工,Lighting manufacturer,0.82344437,Lighting Technicians,27-4015.00,Similarity_Score3,,,,
6-25-01-08,水声换能器制造工,Hydroacoustic transducer manufacturer,0.44386947,Hydrologic Technicians,19-4044.00,Similarity_Score3,,,,
6-25-01-13,印制电路制作工,Printed circuit fabricator,0.54559124,"Assemblers and Fabricators, All Other",51-2099.00,Similarity_Score3,,,,
6-25-04-01,通信系统设备制造工,Communication system equipment manufacturer,0.7108836,"Communications Equipment Operators, All Other",43-2099.00,Similarity_Score3,,,,
6-25-04-02,通信终端设备制造工,Communication terminal equipment manufacturer,0.6512263,"Communications Equipment Operators, All Other",43-2099.00,Similarity_Score3,,,,
6-25-04-05,激光机装调工,Laser machine installation and adjustment,0.5350591,"Precision Instrument and Equipment Repairers, All Other",49-9069.00,Similarity_Score4,,,,
6-25-04-06,广电和通信设备机械装校工,"Broadcasting, television and communication equipment mechanical assembly school worker",0.63411796,"Media and Communication Equipment Workers, All Other",27-4099.00,Similarity_Score3,,,,
6-25-04-08,广电和通信设备调试工,"Broadcasting, television and communication equipment debugging workers",0.7585343,"Media and Communication Equipment Workers, All Other",27-4099.00,Similarity_Score3,,,,
6-28-02-01,燃气储运工,Gas storage and transportation workers,0.660973020378795,"Transportation Workers, All Other",53-6099.00,Similarity_Score1,,,,
6-29-03-10,轨道交通信号工,Rail transit signal worker,0.6270885,"Rail Transportation Workers, All Other",53-4099.00,Similarity_Score3,,,,
6-29-04-03,照明工程施工员,lighting engineering construction worker,0.696821,Lighting Technicians,27-4015.00,Similarity_Score3,,,,
6-30-03-02,民航机场专用设备机务员,Civil aviation airport special equipment crew,0.75233597,Aircraft Service Attendants,53-6032.00,Similarity_Score3,,,,
6-31-06-00,安全员,security officer,0.8487254,Security Managers,11-3013.01,Similarity_Score3,,,,
4-01-02-02-002,跨境电子商务师,Cross-border e-commerce division,0.43575895,"Sales Representatives of Services, Except Advertising, Insurance, Financial Services, and Travel",41-3091.00,Similarity_Score3,,,,
4-01-05-02-002,医疗器械购销员,Medical device salesperson,0.6243774,Medical Records Specialists,29-2072.00,Similarity_Score3,,,,
4-02-01-01-002,动车组司机,EMU driver,0.43513542,"Motor Vehicle Operators, All Other",53-3099.00,Similarity_Score3,,,,
4-02-01-03-001,铁路车站综控员,Railway station comprehensive controller,0.65936804,First-Line Supervisors of Passenger Attendants,53-1044.00,Similarity_Score4,,,,
4-02-01-06-001,铁路运输调度员,Rail transportation dispatcher,0.70908383229213,"Rail Transportation Workers, All Other",53-4099.00,Similarity_Score1,,,,
4-02-02-01-003,巡游出租车司机,cruising taxi driver,0.7523069,Taxi Drivers,53-3054.00,Similarity_Score3,,,,
4-02-02-01-004,网约出租车司机,Online taxi driver,0.76540506,Taxi Drivers,53-3054.00,Similarity_Score3,,,,
4-02-05-02-003,港口售票员,port conductor,0.56293845,First-Line Supervisors of Passenger Attendants,53-1044.00,Similarity_Score4,,,,
4-04-02-01-001,电报通信机务员,Telegraph communications operator,0.65713626,"Communications Equipment Operators, All Other",43-2099.00,Similarity_Score3,,,,
4-04-02-01-002,微波通信机务员,Microwave communications operator,0.6541553,"Communications Equipment Operators, All Other",43-2099.00,Similarity_Score3,,,,
4-04-02-01-003,卫星通信机务员,Satellite communications operator,0.6462343,"Communications Equipment Operators, All Other",43-2099.00,Similarity_Score3,,,,
4-04-02-01-006,短波通信机务员,Shortwave communications operator,0.5386349,"Communications Equipment Operators, All Other",43-2099.00,Similarity_Score3,,,,
4-04-02-01-007,传输机务员,transmission operator,0.6641574,"Communications Equipment Operators, All Other",43-2099.00,Similarity_Score3,,,,
4-04-02-02-001,通信网络电缆线务员,Communication Network Cable Lineman,0.55819416,"Communications Equipment Operators, All Other",43-2099.00,Similarity_Score3,,,,
4-04-03-02-001,有线广播电视机务员,Cable radio and television operator,0.6161051,"Communications Equipment Operators, All Other",43-2099.00,Similarity_Score3,,,,
4-04-03-02-002,有线广播电视数据机务员,Cable radio and television data operator,0.63347846,"Communications Equipment Operators, All Other",43-2099.00,Similarity_Score3,,,,
4-04-04-02-001,网络安全管理员,Network Security Administrator,0.77773017,Security Managers,11-3013.01,Similarity_Score3,,,,
4-04-04-02-002,信息安全管理员,Information Security Administrator,0.80772066,Security Managers,11-3013.01,Similarity_Score3,,,,
4-04-04-02-004,数据安全管理员,data security manager,0.7634418,Security Managers,11-3013.01,Similarity_Score3,,,,
4-05-05-02-003,机动车鉴定评估师,Motor vehicle appraisal appraiser,0.62726384,Appraisers of Personal and Business Property,13-2022.00,Similarity_Score4,,,,
4-07-05-02-002,邮件快件安检员,Mail express security inspector,0.58859515,Information Security Engineers,15-1299.05,Similarity_Score3,,,,
4-08-05-06-001,长度计量员,length measurer,0.5796753,Calibration Technologists and Technicians,17-3028.00,Similarity_Score4,,,,
4-08-05-06-002,热工计量员,Thermal Metrologist,0.63673896,Calibration Technologists and Technicians,17-3028.00,Similarity_Score4,,,,
4-08-05-06-004,化学计量员,Chemometrician,0.61485374,Calibration Technologists and Technicians,17-3028.00,Similarity_Score4,,,,
4-08-06-00-003,水环境监测员,water environment monitor,0.63228893,Hydrologic Technicians,19-4044.00,Similarity_Score4,,,,
4-09-09-00-002,死畜无害化处理工,Harmless treatment of dead animals,0.4741476,Crematory Operators,39-4012.00,Similarity_Score4,,,,
4-13-03-02-002,纺织品文物修复师,Textile heritage restorer,0.5748476,"Textile, Apparel, and Furnishings Workers, All Other",51-6099.00,Similarity_Score3,,,,
4-14-01-01-001,病案员,medical records clerk,0.8321769,Medical Records Specialists,29-2072.00,Similarity_Score3,,,,
4-14-01-01-008,医疗救护员,medical paramedic,0.86124194,Paramedics,29-2043.00,Similarity_Score3,,,,
6-05-01-03-003,纺织品缝纫工,Textile seamstress,0.71336675,"Textile, Apparel, and Furnishings Workers, All Other",51-6099.00,Similarity_Score3,,,,
6-05-01-04-003,服装及纺织品整烫工,Clothing and textile ironers,0.70499784,"Textile, Apparel, and Furnishings Workers, All Other",51-6099.00,Similarity_Score3,,,,
6-06-01-02-001,木竹藤材干燥工,"Wood, bamboo and rattan dryer",0.54141533,"Woodworkers, All Other",51-7099.00,Similarity_Score3,,,,
6-06-01-02-002,木材保护与改性处理工,Wood protection and modification treatment workers,0.64670974,"Woodworkers, All Other",51-7099.00,Similarity_Score3,,,,
6-06-02-03-001,刨花制备工,Wood shavings preparer,0.61406153,"Woodworkers, All Other",51-7099.00,Similarity_Score3,,,,
6-06-02-03-005,刨花干燥工,wood shavings dryer,0.5731929,"Woodworkers, All Other",51-7099.00,Similarity_Score3,,,,
6-06-03-01-001,精细木工,fine woodworking,0.742256,"Woodworkers, All Other",51-7099.00,Similarity_Score3,,,,
6-09-02-01-003,钢琴装配工,piano fitter,0.54680073,"Precision Instrument and Equipment Repairers, All Other",49-9069.00,Similarity_Score4,,,,
6-09-02-07-001,琴身箱体制作工,Piano body and cabinet maker,0.52834624,"Precision Instrument and Equipment Repairers, All Other",49-9069.00,Similarity_Score4,,,,
6-10-01-05-005,碳五碳六异构化装置操作工,Operator of C5C6 isomerization unit,0.48742417,"Plant and System Operators, All Other",51-8099.00,Similarity_Score3,,,,
6-10-01-07-008,石蜡装置操作工,Paraffin plant operator,0.59453624,"Plant and System Operators, All Other",51-8099.00,Similarity_Score3,,,,
6-10-02-02-007,加氢精制工,Hydrorefining process,0.6025846,Hydrologic Technicians,19-4044.00,Similarity_Score3,,,,
6-10-03-02-002,煤间接液化分离操作工,Coal indirect liquefaction separation operator,0.47008973,"Extraction Workers, All Other",47-5099.00,Similarity_Score4,,,,
6-11-02-01-004,酸性气体干吸工,Acid gas dry absorber,0.42470396,Aircraft Service Attendants,53-6032.00,Similarity_Score4,,,,
6-11-02-05-004,重碱煅烧工,Heavy alkali calciner,0.50294894,Crematory Operators,39-4012.00,Similarity_Score4,,,,
6-11-02-10-008,炭黑生产工,carbon black production workers,0.5729369,"Production Workers, All Other",51-9199.00,Similarity_Score3,,,,
6-11-02-13-027,己二腈装置操作工,Adiponitrile plant operator,0.5841487,"Plant and System Operators, All Other",51-8099.00,Similarity_Score3,,,,
6-11-03-02-003,尿素装置操作工,Urea plant operator,0.5301681,"Plant and System Operators, All Other",51-8099.00,Similarity_Score3,,,,
6-11-08-03-004,临床试剂工,clinical reagent,0.55998564,Crematory Operators,39-4012.00,Similarity_Score4,,,,
6-11-08-12-005,松香浸提工,Rosin extractor,0.51438135,"Extraction Workers, All Other",47-5099.00,Similarity_Score4,,,,
6-11-08-14-002,木焦油工,wood tarr,0.570477,"Woodworkers, All Other",51-7099.00,Similarity_Score3,,,,
6-11-08-15-001,栲胶浸提工,Tannin extraction process,0.492842449676327,"Extraction Workers, All Other",47-5099.00,Similarity_Score1,,,,
6-11-08-18-007,水解设备搪砌工,Hydrolysis equipment lining,0.5686327,Hydrologic Technicians,19-4044.00,Similarity_Score3,,,,
6-13-02-02-002,长丝整理操作工,Filament finishing operator,0.50393367,Crematory Operators,39-4012.00,Similarity_Score3,,,,
6-15-03-04-003,玻璃灯工,glass light maker,0.67502064,Lighting Technicians,27-4015.00,Similarity_Score3,,,,
6-16-01-02-001,卸车指挥工,Unloading truck commander,0.61793447,"Underground Mining Machine Operators, All Other",47-5049.00,Similarity_Score4,,,,
6-16-01-03-011,排岩机操作工,Rock blasting machine operator,0.56955856,"Underground Mining Machine Operators, All Other",47-5049.00,Similarity_Score3,,,,
6-16-01-05-006,井下水采工,Underground water mining,0.668258869228193,"Underground Mining Machine Operators, All Other",47-5049.00,Similarity_Score1,,,,
6-16-01-09-003,主扇风机操作工,Main fan operator,0.5844816,"Underground Mining Machine Operators, All Other",47-5049.00,Similarity_Score4,,,,
6-16-01-10-001,矿井电气防爆检查工,Mine electrical explosion-proof inspector,0.5694466,"Underground Mining Machine Operators, All Other",47-5049.00,Similarity_Score4,,,,
6-16-01-15-002,重介质分选工,Heavy media sorter,0.5606414,"Media and Communication Equipment Workers, All Other",27-4099.00,Similarity_Score4,,,,
6-16-02-01-003,可控震源操作工,vibrator operator,0.45072266,Crematory Operators,39-4012.00,Similarity_Score3,,,,
6-16-02-04-004,井下特种装备操作工,Underground special equipment operator,0.68494415,"Underground Mining Machine Operators, All Other",47-5049.00,Similarity_Score3,,,,
6-16-02-06-007,测井绘解工,Well logging plot interpretation,0.467425768495465,"Logging Workers, All Other",45-4029.00,Similarity_Score1,,,,
6-16-02-08-003,采输气仪表工,Gas production and transmission instrumentation engineer,0.6548146,Calibration Technologists and Technicians,17-3028.00,Similarity_Score4,,,,
6-16-02-09-004,煤层气排采工,Coalbed methane extraction worker,0.6151768,Hydrologic Technicians,19-4044.00,Similarity_Score4,,,,
6-16-02-11-001,集输工,Gathering and transportation workers,0.7325322,"Transportation Workers, All Other",53-6099.00,Similarity_Score3,,,,
6-17-07-02-001,钽铌分离工,Tantalum and niobium separator,0.48544538,"Extraction Workers, All Other",47-5099.00,Similarity_Score4,,,,
6-18-01-08-002,电火花线切割机床操作工,Wire EDM machine tool operator,0.60182476,"Communications Equipment Operators, All Other",43-2099.00,Similarity_Score3,,,,
6-18-02-02-006,锻件校正工,Forging corrector,0.6004179,Calibration Technologists and Technicians,17-3028.00,Similarity_Score4,,,,
6-19-01-05-005,手电筒制作工,Flashlight maker,0.7213098,Lighting Technicians,27-4015.00,Similarity_Score3,,,,
6-20-01-02-001,轴承装配工,Bearing assembler,0.6612309,"Assemblers and Fabricators, All Other",51-2099.00,Similarity_Score3,,,,
6-20-07-01-002,幻灯机与投影仪装配调试工,Slide projector and projector assembly and debugging worker,0.5678389,Project Management Specialists,13-1082.00,Similarity_Score3,,,,
6-21-03-00-001,缝制机械装配工,Sewing machine assembler,0.75022835,"Assemblers and Fabricators, All Other",51-2099.00,Similarity_Score3,,,,
6-21-06-01-007,手术急救类设备组装调试工,Surgical emergency equipment assembly and debugging worker,0.7191953,Emergency Medical Technicians,29-2042.00,Similarity_Score3,,,,
6-23-02-06-001,仪表拆解工,Instrument disassembly worker,0.5974526,"Precision Instrument and Equipment Repairers, All Other",49-9069.00,Similarity_Score3,,,,
6-23-03-13-005,飞机外勤弹射救生工,Aircraft field ejection lifeguard,0.5866838,Aircraft Service Attendants,53-6032.00,Similarity_Score3,,,,
6-24-03-02-002,光纤套塑工,Fiber optic molding worker,0.52315646,Lighting Technicians,27-4015.00,Similarity_Score3,,,,
6-24-03-02-005,光棒制造工,light rod maker,0.6540351,Lighting Technicians,27-4015.00,Similarity_Score3,,,,
6-24-04-00-011,电池测试工,battery tester,0.52943295,Calibration Technologists and Technicians,17-3028.00,Similarity_Score4,,,,
6-24-07-01-001,灯用化学配料工,Lamp chemical dispenser,0.5594515,Lighting Technicians,27-4015.00,Similarity_Score3,,,,
6-24-07-01-002,电光源外部件制造工,Electric light source external parts manufacturer,0.58132094,Lighting Technicians,27-4015.00,Similarity_Score3,,,,
6-24-07-01-003,电光源发光部件制造工,Electric light source lighting component manufacturer,0.74479765,Lighting Technicians,27-4015.00,Similarity_Score3,,,,
6-24-07-01-004,电光源电路部件制造工,Electric light source circuit component manufacturer,0.5947106,Lighting Technicians,27-4015.00,Similarity_Score3,,,,
6-24-07-02-001,灯具打样工,Lighting sampler,0.7370462,Lighting Technicians,27-4015.00,Similarity_Score3,,,,
6-24-07-02-002,灯具零部件制造工,Lamp parts manufacturer,0.59369963,Lighting Technicians,27-4015.00,Similarity_Score3,,,,
6-24-07-02-003,灯具装配工,Lighting assembler,0.780102,Lighting Technicians,27-4015.00,Similarity_Score3,,,,
6-25-01-09-005,玻璃绝缘子烧结工,Glass insulator sintering worker,0.5444136,Calibration Technologists and Technicians,17-3028.00,Similarity_Score4,,,,
6-25-01-12-002,荫罩制板工,Shadow mask maker,0.4677361,"Media and Communication Equipment Workers, All Other",27-4099.00,Similarity_Score4,,,,
6-25-02-07-003,磁头装配工,Head assembler,0.68176216,"Assemblers and Fabricators, All Other",51-2099.00,Similarity_Score3,,,,
6-26-01-01-002,电子仪器仪表装调工,Electronic instrument installation and adjustment worker,0.66093725,"Precision Instrument and Equipment Repairers, All Other",49-9069.00,Similarity_Score3,,,,
6-26-01-01-003,分析仪器仪表装调工,Analytical instrument installation and adjustment,0.61463267,"Precision Instrument and Equipment Repairers, All Other",49-9069.00,Similarity_Score3,,,,
6-26-01-01-004,光电仪器仪表装调工,Optoelectronic instrument installation and adjustment,0.5737229,"Precision Instrument and Equipment Repairers, All Other",49-9069.00,Similarity_Score4,,,,
6-26-01-01-006,专用仪器仪表装调工,Special instrument installation and adjustment engineer,0.6717609,"Precision Instrument and Equipment Repairers, All Other",49-9069.00,Similarity_Score3,,,,
6-28-03-01-004,循环冷却水操作工,Circulating cooling water operator,0.5636626,Hydrologic Technicians,19-4044.00,Similarity_Score4,,,,
6-29-02-02-003,铁路桥隧工,Railway bridge and tunnel workers,0.7317093,"Rail Transportation Workers, All Other",53-4099.00,Similarity_Score3,,,,
6-29-02-03-003,盾构机操作工,Shield machine operator,0.5114546,"Underground Mining Machine Operators, All Other",47-5049.00,Similarity_Score4,,,,
6-29-04-01-006,厨卫设备安装维修工,Kitchen and bathroom equipment installation and maintenance workers,0.7029615,"Installation, Maintenance, and Repair Workers, All Other",49-9099.00,Similarity_Score3,,,,
6-30-02-01-005,车号员,car operator,0.6628304,"Motor Vehicle Operators, All Other",53-3099.00,Similarity_Score3,,,,
6-30-03-01-009,动力设备机务员,Power equipment operator,0.7150689,"Communications Equipment Operators, All Other",43-2099.00,Similarity_Score3,,,,
6-30-03-02-001,民航专用车辆机务员,Civil aviation special vehicle crew,0.6484044,Aircraft Service Attendants,53-6032.00,Similarity_Score3,,,,
6-30-03-02-003,民航机场场务设备机务员,Civil Aviation Airport Field Equipment Maintenance Attendant,0.73827606,Aircraft Service Attendants,53-6032.00,Similarity_Score3,,,,
6-30-03-02-004,民航机场专用灯光机务员,Civil aviation airport special lighting crew,0.6443407,Aircraft Service Attendants,53-6032.00,Similarity_Score3,,,,
6-31-01-01-003,仪表设备点检员,Instrument equipment inspector,0.6744184,"Precision Instrument and Equipment Repairers, All Other",49-9069.00,Similarity_Score3,,,,
