﻿职业代码,OSTA职业名称,OSTA职业名称翻译,Similarity_Score_max,ONET_job,ONET_code,Similarity_Score_method,O*NET-SOC Code,mSML,vmSML,sdmSML
2-05-01-02,外科医师,surgeon,0.76148313,Pediatric Surgeons,29-1243.00,Similarity_Score3,,,,
2-05-07-15,病案信息技师,Medical Records Information Technician,0.75232196,Health Information Technologists and Medical Registrars,29-9021.00,Similarity_Score3,,,,
4-04-05-06,区块链应用操作员,Blockchain application operator,0.45676237,Health Information Technologists and Medical Registrars,29-9021.00,Similarity_Score4,,,,
4-02-02-01-003,巡游出租车司机,cruising taxi driver,0.51043165,Shuttle Drivers and Chauffeurs,53-3053.00,Similarity_Score3,,,,
6-16-02-11-001,集输工,Gathering and transportation workers,0.66003436,"First-Line Supervisors of Transportation Workers, All Other",53-1049.00,Similarity_Score3,,,,
